sale_id,product_id,customer_id,store_id,date,quantity,amount,discounted_amount,bulk_order
336,49,65,8,2024-12-05,5,1433.1,1289.79,Yes
635,47,144,4,2025-08-08,2,867.32,780.59,No
440,6,145,9,2024-12-07,2,402.96,362.66,No
30,48,65,6,2025-09-16,2,716.94,645.25,No
255,2,16,5,2025-03-08,5,1030.95,927.86,Yes
676,2,101,10,2025-04-16,4,1808.12,1627.31,Yes
789,40,124,2,2025-04-19,4,1702.8,1532.52,Yes
868,2,14,7,2025-08-20,1,359.55,323.6,No
58,28,134,5,2025-06-19,2,723.16,650.84,No
667,34,127,1,2025-02-23,3,332.85,299.57,Yes
820,10,14,2,2025-08-03,3,1436.49,1292.84,Yes
1,33,99,3,2024-10-27,3,948.36,853.52,Yes
209,35,132,1,2025-04-25,4,360.12,324.11,Yes
301,2,102,9,2024-10-16,5,1807.2,1626.48,Yes
617,48,122,3,2024-09-27,4,662.84,596.56,Yes
659,34,9,5,2024-11-20,1,348.94,314.05,No
386,21,180,4,2024-09-17,3,1264.44,1138.0,Yes
439,31,164,10,2025-01-11,2,655.66,590.09,No
587,42,200,10,2024-09-25,2,350.94,315.85,No
748,35,196,7,2025-01-29,5,1244.25,1119.83,Yes
57,23,74,2,2024-10-16,2,888.9,800.01,No
544,35,170,2,2024-10-23,4,985.84,887.26,Yes
455,10,119,6,2025-06-10,5,606.55,545.9,Yes
780,40,182,1,2025-04-11,3,551.04,495.94,Yes
904,13,163,10,2025-02-14,5,1611.35,1450.22,Yes
277,10,199,7,2024-11-14,5,1730.45,1557.41,Yes
539,20,99,6,2025-04-10,3,1358.52,1222.67,Yes
764,50,99,10,2024-10-29,4,1037.72,933.95,Yes
663,49,54,6,2025-03-31,2,497.06,447.35,No
860,15,64,6,2024-12-25,4,1243.44,1119.1,Yes
955,33,52,6,2025-02-09,3,830.28,747.25,Yes
115,3,82,9,2024-12-05,2,826.84,744.16,No
143,3,109,10,2025-02-27,3,533.88,480.49,Yes
356,20,79,10,2025-07-01,3,956.85,861.17,Yes
576,46,172,9,2025-07-02,5,533.45,480.11,Yes
895,39,63,1,2025-01-11,2,685.04,616.54,No
376,44,65,7,2024-10-12,5,1939.2,1745.28,Yes
674,25,183,9,2024-11-26,5,2207.95,1987.16,Yes
691,27,6,10,2025-04-29,4,1268.68,1141.81,Yes
81,47,51,6,2025-05-07,2,740.7,666.63,No
169,43,165,8,2025-02-09,1,377.24,339.52,No
372,16,63,8,2025-06-16,4,551.72,496.55,Yes
453,48,177,8,2025-01-11,5,516.45,464.81,Yes
715,22,67,3,2025-02-22,1,341.72,307.55,No
247,49,46,4,2025-04-04,1,384.3,345.87,No
498,39,34,9,2025-01-22,4,1830.52,1647.47,Yes
968,43,44,2,2025-01-04,1,464.58,418.12,No
83,4,150,1,2025-09-11,3,473.55,426.2,Yes
559,31,39,10,2025-08-04,2,816.7,735.03,No
939,17,120,7,2025-07-08,3,1373.01,1235.71,Yes
75,11,128,3,2025-02-03,2,352.14,316.93,No
423,18,20,10,2025-08-30,2,920.4,828.36,No
476,22,49,8,2025-05-11,3,1058.13,952.32,Yes
644,31,20,4,2024-11-20,3,1343.58,1209.22,Yes
763,45,166,9,2024-12-16,5,1644.2,1479.78,Yes
812,26,128,5,2024-12-31,5,1976.85,1779.17,Yes
424,44,146,8,2025-02-10,3,348.45,313.61,Yes
487,23,148,10,2025-07-14,5,1758.8,1582.92,Yes
502,16,63,5,2024-12-09,4,1800.24,1620.22,Yes
78,35,176,3,2025-09-06,2,600.86,540.77,No
88,49,198,6,2025-04-25,1,307.62,276.86,No
562,47,107,8,2024-11-18,3,847.71,762.94,Yes
626,4,164,6,2025-01-17,5,2149.65,1934.69,Yes
641,35,195,2,2025-06-23,2,626.18,563.56,No
332,27,9,8,2025-03-20,2,791.74,712.57,No
335,14,142,4,2025-09-05,3,687.21,618.49,Yes
338,8,101,10,2025-01-29,5,2383.05,2144.75,Yes
733,23,56,1,2025-03-22,2,935.36,841.82,No
905,18,191,5,2025-09-09,1,482.91,434.62,No
963,43,150,7,2025-05-17,2,760.5,684.45,No
731,23,136,7,2025-04-29,2,588.48,529.63,No
776,38,159,1,2024-10-06,4,832.04,748.84,Yes
426,47,95,8,2024-11-05,4,949.56,854.6,Yes
566,3,73,8,2025-06-07,3,503.91,453.52,Yes
627,33,78,8,2025-06-05,5,1666.3,1499.67,Yes
62,29,111,4,2025-08-23,5,1610.9,1449.81,Yes
270,49,94,2,2024-11-14,2,681.54,613.39,No
339,8,76,1,2024-09-29,3,953.46,858.11,Yes
873,31,182,6,2024-09-18,4,1689.4,1520.46,Yes
307,13,90,4,2025-01-10,4,1525.2,1372.68,Yes
344,6,129,10,2024-09-24,3,1272.84,1145.56,Yes
511,28,33,7,2024-10-04,3,1253.07,1127.76,Yes
722,13,49,6,2025-02-11,2,997.26,897.53,No
783,38,99,1,2025-08-16,3,1257.03,1131.33,Yes
852,45,77,6,2024-10-19,3,368.7,331.83,Yes
866,50,63,7,2024-10-02,3,1093.92,984.53,Yes
227,49,143,10,2025-03-02,3,1365.72,1229.15,Yes
246,38,20,2,2025-03-04,1,308.17,277.35,No
553,49,112,9,2025-07-03,5,561.8,505.62,Yes
683,18,129,7,2025-01-16,2,651.0,585.9,No
761,47,150,7,2025-02-04,1,320.54,288.49,No
224,13,103,4,2024-12-12,5,1063.1,956.79,Yes
232,26,142,10,2025-05-18,3,483.45,435.11,Yes
590,10,148,4,2025-08-03,5,1159.2,1043.28,Yes
10,39,80,9,2025-07-04,3,1216.17,1094.55,Yes
50,28,76,1,2025-03-30,2,470.18,423.16,No
72,9,151,6,2024-11-07,5,1150.15,1035.14,Yes
96,48,37,10,2025-07-16,5,410.15,369.14,Yes
452,20,120,4,2024-12-18,2,628.8,565.92,No
613,35,198,9,2024-12-27,5,2334.55,2101.1,Yes
871,37,52,3,2025-08-23,4,1761.28,1585.15,Yes
136,18,53,2,2025-03-20,2,890.12,801.11,No
531,37,105,5,2025-09-15,2,820.64,738.58,No
902,16,83,3,2024-11-26,5,2300.45,2070.4,Yes
916,40,6,5,2025-03-21,1,451.2,406.08,No
875,19,40,3,2025-04-06,3,587.01,528.31,Yes
880,26,27,3,2025-02-07,3,829.98,746.98,Yes
646,32,4,6,2024-10-27,4,393.8,354.42,Yes
716,19,118,7,2025-05-05,3,1355.79,1220.21,Yes
838,16,119,2,2025-01-27,2,332.7,299.43,No
158,22,37,4,2024-09-27,4,868.76,781.88,Yes
561,28,112,2,2025-06-03,5,968.0,871.2,Yes
697,5,56,10,2025-06-05,5,982.05,883.85,Yes
197,36,151,10,2025-08-02,2,518.86,466.97,No
631,5,108,3,2024-10-24,5,463.2,416.88,Yes
869,42,83,1,2025-04-12,1,431.48,388.33,No
205,1,48,8,2025-04-07,3,1163.97,1047.57,Yes
388,11,107,6,2025-07-22,4,474.52,427.07,Yes
588,31,56,10,2025-03-09,4,977.04,879.34,Yes
825,6,74,2,2025-04-28,1,424.56,382.1,No
93,12,199,9,2024-09-30,3,461.31,415.18,Yes
371,40,139,3,2024-12-25,4,1997.88,1798.09,Yes
570,10,168,8,2024-09-18,4,1037.72,933.95,Yes
647,46,160,8,2024-09-21,3,527.37,474.63,Yes
867,11,12,8,2025-09-07,3,619.92,557.93,Yes
124,26,127,3,2025-02-09,5,1334.5,1201.05,Yes
272,46,129,10,2024-12-27,5,2102.05,1891.85,Yes
751,21,134,2,2025-04-08,4,1340.4,1206.36,Yes
795,31,192,3,2025-01-24,4,560.16,504.14,Yes
876,10,61,3,2025-01-23,1,409.39,368.45,No
66,1,78,9,2025-01-18,1,461.85,415.67,No
161,29,25,2,2025-01-19,4,1030.28,927.25,Yes
442,30,176,6,2024-12-30,4,352.72,317.45,Yes
478,11,127,2,2025-02-24,2,874.54,787.09,No
882,36,6,6,2024-12-25,1,311.57,280.41,No
668,28,105,9,2025-05-02,4,1005.88,905.29,Yes
397,20,32,6,2025-03-10,4,1729.92,1556.93,Yes
568,17,96,4,2025-08-30,2,304.54,274.09,No
741,12,122,9,2025-08-30,2,917.72,825.95,No
87,32,159,6,2024-09-28,1,473.64,426.28,No
135,44,176,1,2025-01-10,1,435.23,391.71,No
505,10,31,8,2025-02-15,4,842.92,758.63,Yes
796,15,22,4,2025-02-22,2,931.68,838.51,No
996,16,198,7,2025-08-08,4,1718.76,1546.88,Yes
237,6,3,10,2024-12-01,1,359.28,323.35,No
207,16,131,10,2024-12-16,3,643.65,579.29,Yes
555,3,121,4,2025-08-20,5,1739.95,1565.96,Yes
279,18,174,8,2024-09-27,4,452.12,406.91,Yes
375,30,67,1,2025-08-11,3,1170.6,1053.54,Yes
479,18,124,1,2024-10-24,3,1045.83,941.25,Yes
614,39,121,9,2025-03-11,4,1833.68,1650.31,Yes
828,11,194,10,2025-01-16,3,335.52,301.97,Yes
95,9,59,5,2025-02-05,5,2182.05,1963.85,Yes
648,1,20,8,2025-05-30,3,510.18,459.16,Yes
887,5,151,1,2024-11-13,5,1000.8,900.72,Yes
912,7,98,10,2025-02-18,1,401.45,361.31,No
937,9,25,8,2024-10-09,5,2090.55,1881.5,Yes
144,36,35,10,2024-09-30,2,884.48,796.03,No
597,17,144,1,2025-08-01,3,1089.12,980.21,Yes
847,1,135,9,2025-07-05,4,903.8,813.42,Yes
877,43,7,9,2025-05-02,4,1132.52,1019.27,Yes
469,18,54,1,2024-12-11,5,1138.5,1024.65,Yes
844,20,88,10,2024-10-12,4,1259.44,1133.5,Yes
215,17,48,3,2025-01-25,4,1627.2,1464.48,Yes
202,2,45,7,2025-05-29,3,1374.66,1237.19,Yes
445,47,44,5,2025-02-10,2,999.02,899.12,No
542,38,55,10,2025-02-24,3,700.41,630.37,Yes
551,45,56,3,2024-10-05,5,2346.65,2111.99,Yes
554,7,108,10,2025-06-21,4,1556.36,1400.72,Yes
636,3,45,7,2025-03-26,2,946.16,851.54,No
642,12,187,5,2025-02-23,3,1062.87,956.58,Yes
841,16,103,1,2025-06-14,5,1729.05,1556.15,Yes
91,17,106,5,2024-12-25,1,369.44,332.5,No
120,5,137,8,2025-04-15,5,2424.45,2182.01,Yes
121,24,93,7,2024-10-14,3,1355.67,1220.1,Yes
259,32,6,10,2024-10-20,4,1385.44,1246.9,Yes
327,16,187,1,2025-02-18,5,2036.65,1832.99,Yes
175,46,130,2,2024-11-29,5,739.75,665.78,Yes
560,30,27,9,2025-05-12,5,742.05,667.85,Yes
592,50,149,4,2025-07-08,5,1368.95,1232.06,Yes
320,19,65,5,2024-12-05,3,669.99,602.99,Yes
501,47,136,9,2025-07-18,2,966.16,869.54,No
107,42,34,8,2025-05-19,3,664.38,597.94,Yes
304,11,37,8,2024-11-24,3,459.69,413.72,Yes
695,31,122,3,2025-05-24,4,1199.88,1079.89,Yes
917,10,175,2,2024-11-20,5,2463.45,2217.11,Yes
975,40,106,8,2025-09-15,3,857.37,771.63,Yes
581,36,27,10,2024-09-28,1,307.63,276.87,No
804,21,126,8,2025-04-17,2,855.2,769.68,No
102,12,93,4,2025-02-02,2,759.66,683.69,No
152,30,170,1,2024-12-01,4,495.96,446.36,Yes
583,3,124,9,2025-02-20,2,353.06,317.75,No
309,18,131,4,2025-08-15,5,2408.5,2167.65,Yes
357,42,158,5,2025-08-21,3,1099.68,989.71,Yes
893,31,134,4,2025-02-11,3,1190.1,1071.09,Yes
21,12,189,8,2025-08-13,2,673.84,606.46,No
126,29,70,7,2024-11-01,5,510.95,459.86,Yes
677,16,98,9,2024-09-16,5,1177.45,1059.71,Yes
778,22,154,4,2024-10-27,3,1486.11,1337.5,Yes
928,34,200,7,2025-04-28,3,1083.78,975.4,Yes
35,25,175,4,2024-12-17,4,598.28,538.45,Yes
134,28,27,5,2025-08-02,5,2283.5,2055.15,Yes
480,1,152,2,2025-04-22,5,542.25,488.03,Yes
724,2,131,3,2025-08-29,2,705.6,635.04,No
726,40,182,3,2024-09-29,3,966.03,869.43,Yes
835,28,157,6,2024-10-02,5,456.25,410.63,Yes
12,22,148,3,2024-10-31,4,849.88,764.89,Yes
342,9,92,5,2024-12-07,5,990.4,891.36,Yes
414,15,168,10,2024-09-18,3,1170.36,1053.32,Yes
425,27,6,2,2025-01-07,5,2031.45,1828.31,Yes
499,5,156,5,2025-01-17,4,1527.48,1374.73,Yes
757,34,36,6,2025-03-13,5,559.95,503.96,Yes
932,8,132,5,2025-03-27,2,643.56,579.2,No
68,13,144,10,2025-02-15,3,1208.4,1087.56,Yes
308,8,13,10,2025-04-07,4,1616.76,1455.08,Yes
333,16,64,10,2025-05-21,3,1149.69,1034.72,Yes
525,43,22,9,2025-02-23,1,428.33,385.5,No
633,31,139,4,2025-03-04,5,1069.6,962.64,Yes
103,39,79,10,2024-11-04,1,308.34,277.51,No
406,32,37,4,2025-07-11,5,1456.7,1311.03,Yes
770,7,135,5,2025-03-28,3,894.0,804.6,Yes
221,37,161,6,2024-10-09,3,882.69,794.42,Yes
435,7,106,2,2025-01-13,1,446.32,401.69,No
489,21,38,4,2025-05-11,1,413.1,371.79,No
545,40,119,3,2024-12-28,4,1411.88,1270.69,Yes
660,32,101,6,2024-10-04,1,303.58,273.22,No
811,13,138,4,2024-10-06,2,306.66,275.99,No
979,30,149,5,2024-11-14,1,401.83,361.65,No
138,24,48,2,2025-01-14,5,1885.15,1696.64,Yes
261,37,101,1,2024-11-21,2,587.66,528.89,No
288,25,1,6,2025-07-09,4,1441.48,1297.33,Yes
365,2,110,2,2024-10-25,2,301.64,271.48,No
418,46,4,5,2024-12-10,1,328.39,295.55,No
797,27,173,1,2025-04-07,2,858.88,772.99,No
263,28,37,8,2025-01-14,4,719.52,647.57,Yes
486,2,106,1,2025-06-25,3,1487.34,1338.61,Yes
620,10,45,1,2024-12-29,5,1558.35,1402.51,Yes
24,47,53,2,2024-11-16,4,1689.32,1520.39,Yes
268,40,61,3,2025-06-06,5,1981.3,1783.17,Yes
473,7,194,1,2025-08-25,3,1217.16,1095.44,Yes
703,12,200,8,2025-02-28,5,2342.2,2107.98,Yes
535,15,10,8,2025-01-31,3,1310.01,1179.01,Yes
976,48,168,3,2025-09-05,5,1164.95,1048.46,Yes
985,41,190,9,2025-09-07,3,303.03,272.73,Yes
997,32,98,10,2025-02-06,5,842.35,758.12,Yes
40,24,116,6,2025-08-04,3,490.26,441.23,Yes
599,10,75,7,2025-06-05,4,1013.44,912.1,Yes
666,41,2,1,2025-04-03,2,321.4,289.26,No
249,29,52,5,2025-05-06,5,513.5,462.15,Yes
594,40,29,7,2025-08-21,2,503.92,453.53,No
836,38,117,8,2024-12-01,2,937.66,843.89,No
970,34,148,4,2025-07-07,2,945.78,851.2,No
675,20,192,5,2025-02-15,5,2175.6,1958.04,Yes
702,38,37,1,2025-06-05,5,470.9,423.81,Yes
900,38,130,5,2024-10-16,5,1984.3,1785.87,Yes
86,45,33,2,2025-05-09,3,585.06,526.55,Yes
193,21,117,3,2025-08-17,3,890.01,801.01,Yes
244,31,8,9,2025-06-25,4,1826.76,1644.08,Yes
278,42,50,1,2025-06-23,2,919.44,827.5,No
567,22,199,9,2025-04-28,5,999.55,899.6,Yes
645,39,185,1,2025-01-15,3,738.84,664.96,Yes
9,9,126,4,2024-09-28,5,1849.7,1664.73,Yes
160,1,136,5,2025-02-14,1,434.59,391.13,No
283,6,24,4,2025-07-17,2,571.78,514.6,No
451,49,197,1,2024-11-25,3,706.65,635.99,Yes
610,9,37,6,2025-01-18,4,1555.2,1399.68,Yes
883,19,194,10,2025-07-09,5,2407.8,2167.02,Yes
906,50,8,8,2024-10-14,2,614.4,552.96,No
942,23,200,8,2024-11-23,4,629.28,566.35,Yes
14,10,154,3,2025-04-16,3,601.02,540.92,Yes
973,4,12,2,2025-07-22,3,618.6,556.74,Yes
292,19,48,3,2025-04-21,3,1436.79,1293.11,Yes
481,36,87,6,2024-11-15,4,1514.48,1363.03,Yes
543,42,160,1,2025-04-24,4,777.2,699.48,Yes
586,15,80,8,2025-08-28,5,1893.75,1704.38,Yes
756,22,29,1,2024-12-03,4,1535.44,1381.9,Yes
993,25,44,4,2024-12-25,2,876.32,788.69,No
537,47,70,2,2025-08-28,4,389.48,350.53,Yes
557,13,169,10,2025-02-24,4,416.92,375.23,Yes
992,46,3,8,2025-07-21,4,778.92,701.03,Yes
4,42,173,3,2025-09-16,1,478.2,430.38,No
110,48,81,7,2025-02-18,4,1903.96,1713.56,Yes
235,43,82,4,2025-07-19,1,411.71,370.54,No
128,33,62,7,2025-08-03,3,1086.06,977.45,Yes
229,44,166,3,2025-06-23,3,1263.36,1137.02,Yes
319,5,44,5,2025-07-30,2,907.7,816.93,No
436,42,46,1,2025-07-30,4,493.04,443.74,Yes
464,27,49,9,2024-11-16,1,470.81,423.73,No
775,13,113,5,2025-06-15,5,1717.65,1545.89,Yes
173,22,37,3,2025-06-21,4,695.6,626.04,Yes
287,37,64,1,2025-03-24,5,392.75,353.48,Yes
99,15,187,9,2024-12-15,5,1963.75,1767.38,Yes
258,3,105,8,2024-12-01,5,1141.35,1027.22,Yes
575,46,118,8,2025-05-14,4,1562.64,1406.38,Yes
603,48,124,5,2025-04-20,4,1260.6,1134.54,Yes
699,43,44,8,2025-01-17,4,1244.56,1120.1,Yes
130,34,179,6,2025-03-13,4,322.12,289.91,Yes
312,4,147,10,2025-01-11,1,308.5,277.65,No
410,20,26,8,2024-11-10,4,1609.8,1448.82,Yes
671,8,148,2,2025-08-12,5,736.65,662.99,Yes
899,25,82,8,2025-09-03,5,1303.5,1173.15,Yes
90,19,73,9,2025-01-05,3,420.09,378.08,Yes
114,8,25,4,2025-03-21,2,460.38,414.34,No
753,12,10,6,2025-09-06,1,399.96,359.96,No
696,4,198,2,2025-05-05,4,901.24,811.12,Yes
714,46,57,9,2025-01-12,5,911.15,820.04,Yes
69,15,147,4,2024-11-22,3,479.85,431.87,Yes
77,33,94,8,2025-02-10,2,384.54,346.09,No
273,24,13,7,2025-05-11,3,709.02,638.12,Yes
548,15,143,1,2025-09-06,4,673.44,606.1,Yes
854,34,108,5,2025-06-05,4,1875.36,1687.82,Yes
969,21,156,8,2025-05-03,4,1007.76,906.98,Yes
67,26,188,8,2025-08-31,4,1657.44,1491.7,Yes
71,20,195,9,2025-08-04,3,1355.46,1219.91,Yes
225,37,82,10,2024-12-31,2,903.28,812.95,No
291,10,102,4,2025-07-21,4,1440.04,1296.04,Yes
379,1,76,7,2025-08-14,4,1306.92,1176.23,Yes
728,47,92,9,2025-07-07,5,1026.1,923.49,Yes
864,38,155,5,2024-09-23,3,328.2,295.38,Yes
924,21,141,1,2025-01-02,4,595.48,535.93,Yes
322,12,123,6,2024-11-17,2,836.26,752.63,No
959,5,18,2,2025-05-29,3,538.47,484.62,Yes
112,27,49,10,2025-01-06,4,1252.56,1127.3,Yes
507,22,158,6,2025-01-15,1,456.61,410.95,No
582,46,13,5,2025-03-31,2,784.08,705.67,No
615,30,181,6,2025-07-03,4,978.04,880.24,Yes
688,15,121,1,2025-08-20,3,602.04,541.84,Yes
713,49,55,5,2025-05-31,5,1341.25,1207.13,Yes
767,5,6,4,2025-05-16,3,1463.13,1316.82,Yes
962,22,76,3,2025-04-09,5,2381.55,2143.4,Yes
11,25,165,8,2025-03-28,3,421.32,379.19,Yes
266,9,2,2,2025-02-28,4,543.96,489.56,Yes
649,28,56,9,2025-07-04,5,970.5,873.45,Yes
117,27,15,6,2025-03-12,5,814.3,732.87,Yes
404,36,53,2,2025-01-26,3,1404.0,1263.6,Yes
621,17,82,2,2025-03-09,5,2262.45,2036.21,Yes
157,8,187,10,2024-11-10,5,1998.95,1799.06,Yes
493,32,58,2,2025-04-18,1,471.01,423.91,No
558,13,149,8,2025-08-10,4,1992.08,1792.87,Yes
651,9,133,3,2025-07-09,2,538.4,484.56,No
802,7,199,3,2025-03-16,4,945.28,850.75,Yes
186,40,59,3,2024-10-26,3,622.74,560.47,Yes
204,11,180,3,2025-01-20,3,757.02,681.32,Yes
759,4,24,1,2025-02-02,3,692.52,623.27,Yes
49,19,111,9,2025-03-02,3,529.95,476.96,Yes
428,7,167,2,2024-09-19,5,1823.7,1641.33,Yes
509,26,151,3,2025-02-26,5,2491.0,2241.9,Yes
510,43,56,1,2025-05-24,4,1008.12,907.31,Yes
524,12,194,8,2025-05-19,2,360.88,324.79,No
658,48,123,9,2025-03-11,1,498.62,448.76,No
772,32,2,4,2025-06-28,3,1231.02,1107.92,Yes
821,42,114,2,2024-10-13,5,908.5,817.65,Yes
563,38,124,5,2025-01-17,2,944.22,849.8,No
926,25,55,6,2024-12-27,1,418.43,376.59,No
432,22,35,3,2025-05-17,2,439.38,395.44,No
920,33,116,2,2025-04-20,3,984.9,886.41,Yes
629,46,8,2,2024-09-19,4,439.76,395.78,Yes
63,38,170,1,2025-01-13,1,360.53,324.48,No
345,39,190,4,2025-05-15,3,615.27,553.74,Yes
532,2,178,9,2025-06-27,3,765.78,689.2,Yes
787,35,37,3,2025-06-13,4,1777.36,1599.62,Yes
914,1,194,10,2024-10-03,4,1896.0,1706.4,Yes
315,29,115,1,2025-07-31,5,1737.3,1563.57,Yes
710,1,20,8,2025-04-18,3,562.53,506.28,Yes
721,32,144,4,2024-09-25,4,1236.08,1112.47,Yes
818,47,52,6,2025-07-06,4,574.56,517.1,Yes
842,3,180,7,2025-04-17,4,749.72,674.75,Yes
280,30,50,5,2024-11-09,1,400.63,360.57,No
936,23,14,5,2025-08-18,1,352.32,317.09,No
314,8,58,4,2025-02-10,3,1267.56,1140.8,Yes
359,44,54,7,2025-02-24,5,1378.7,1240.83,Yes
140,23,64,3,2024-12-25,3,1378.38,1240.54,Yes
267,50,45,3,2025-03-09,2,804.32,723.89,No
392,46,149,9,2025-07-23,2,305.92,275.33,No
843,26,83,5,2025-09-01,4,1576.8,1419.12,Yes
178,22,135,2,2025-06-09,3,586.53,527.88,Yes
827,37,11,7,2025-03-29,3,1235.82,1112.24,Yes
874,11,82,9,2024-10-15,4,874.28,786.85,Yes
981,37,11,2,2025-04-16,4,800.2,720.18,Yes
127,11,69,8,2024-12-19,3,556.02,500.42,Yes
331,12,15,2,2025-03-20,1,312.07,280.86,No
349,34,79,3,2025-03-17,4,589.0,530.1,Yes
368,3,13,1,2025-05-08,1,414.48,373.03,No
441,30,181,5,2024-09-25,2,454.02,408.62,No
264,24,176,10,2025-08-26,3,1475.19,1327.67,Yes
693,9,83,2,2024-12-30,2,934.62,841.16,No
922,12,156,6,2025-05-05,4,854.24,768.82,Yes
119,18,74,1,2024-09-17,3,1154.91,1039.42,Yes
201,50,38,10,2025-03-22,2,663.9,597.51,No
569,50,46,4,2025-06-05,2,993.78,894.4,No
742,22,76,4,2025-02-09,4,603.28,542.95,Yes
909,2,122,3,2025-03-18,5,1948.3,1753.47,Yes
182,14,117,8,2024-10-30,1,413.87,372.48,No
302,32,42,4,2025-09-15,5,1322.65,1190.39,Yes
467,2,6,3,2025-06-14,4,1249.8,1124.82,Yes
210,41,130,9,2025-08-22,5,1215.1,1093.59,Yes
219,22,121,7,2024-10-06,2,498.38,448.54,No
183,40,141,5,2024-09-29,4,1729.16,1556.24,Yes
326,46,108,6,2025-03-03,1,493.24,443.92,No
606,5,173,4,2024-11-21,3,331.65,298.49,Yes
673,9,200,4,2025-07-27,4,440.64,396.58,Yes
971,38,122,6,2025-06-16,2,796.96,717.26,No
29,26,73,8,2025-03-22,4,1487.16,1338.44,Yes
396,17,135,4,2024-09-24,1,400.22,360.2,No
839,39,38,4,2025-09-01,4,334.84,301.36,Yes
888,42,21,1,2025-02-02,3,1012.77,911.49,Yes
964,27,17,1,2025-08-28,2,523.76,471.38,No
241,44,77,7,2025-05-04,2,468.24,421.42,No
276,22,86,10,2025-03-26,4,1704.88,1534.39,Yes
573,48,98,7,2024-09-20,2,654.74,589.27,No
913,25,57,2,2025-08-05,4,1640.08,1476.07,Yes
168,34,79,7,2025-09-16,4,1716.04,1544.44,Yes
405,42,191,7,2025-05-29,5,2283.4,2055.06,Yes
681,2,184,6,2025-08-26,5,1814.75,1633.28,Yes
762,25,131,9,2025-02-12,3,604.14,543.73,Yes
814,8,37,2,2025-06-06,5,2406.25,2165.63,Yes
958,12,72,8,2024-12-26,2,623.88,561.49,No
736,36,169,2,2024-09-26,5,1789.85,1610.87,Yes
73,39,62,9,2025-03-13,4,1304.12,1173.71,Yes
180,48,78,8,2025-03-01,2,315.56,284.0,No
148,40,84,2,2025-07-25,5,1015.8,914.22,Yes
200,23,111,3,2025-01-12,2,882.84,794.56,No
218,18,147,8,2024-09-20,2,601.7,541.53,No
242,31,187,1,2025-02-15,1,444.42,399.98,No
872,1,174,4,2025-06-04,2,832.88,749.59,No
974,10,35,3,2024-11-25,1,398.84,358.96,No
497,50,123,8,2025-02-26,2,845.76,761.18,No
506,27,71,2,2025-01-16,3,946.41,851.77,Yes
806,11,117,5,2024-11-22,4,1108.64,997.78,Yes
978,42,84,6,2024-11-22,3,1290.9,1161.81,Yes
393,45,178,4,2024-09-17,3,1173.63,1056.27,Yes
513,26,150,8,2025-02-12,3,636.9,573.21,Yes
1000,13,152,2,2025-07-13,3,1235.82,1112.24,Yes
2,2,73,1,2025-04-20,4,1995.6,1796.04,Yes
734,38,181,6,2025-05-14,4,520.96,468.86,Yes
792,18,192,10,2024-10-27,4,1189.6,1070.64,Yes
891,47,28,5,2024-09-26,3,1210.98,1089.88,Yes
946,10,187,3,2025-07-09,2,993.76,894.38,No
947,7,178,2,2025-07-08,3,511.68,460.51,Yes
85,4,19,2,2024-11-25,3,436.59,392.93,Yes
477,22,62,9,2025-05-03,5,702.9,632.61,Yes
129,12,63,7,2024-11-25,4,1103.24,992.92,Yes
358,17,91,2,2025-02-23,2,328.34,295.51,No
384,11,10,2,2025-08-16,2,403.32,362.99,No
36,48,63,10,2024-10-29,4,942.04,847.84,Yes
192,4,29,9,2025-02-15,5,1528.0,1375.2,Yes
725,13,63,7,2025-01-13,3,1191.39,1072.25,Yes
810,18,75,6,2024-10-15,4,1103.0,992.7,Yes
470,6,128,3,2024-10-14,1,365.76,329.18,No
661,39,95,4,2025-06-18,4,1561.4,1405.26,Yes
987,25,124,4,2025-01-29,5,1492.05,1342.85,Yes
994,22,71,9,2025-08-09,2,641.0,576.9,No
665,29,187,9,2025-04-26,5,2201.3,1981.17,Yes
729,22,77,7,2025-06-05,5,1902.45,1712.21,Yes
800,30,155,1,2025-08-03,3,1161.63,1045.47,Yes
831,31,131,4,2024-10-06,2,792.82,713.54,No
19,25,134,2,2024-11-09,2,575.96,518.36,No
394,50,57,4,2025-07-28,4,1263.36,1137.02,Yes
662,46,117,1,2024-11-20,3,386.7,348.03,Yes
938,18,149,4,2024-12-27,5,2217.3,1995.57,Yes
222,35,72,9,2025-03-01,4,1567.32,1410.59,Yes
565,18,169,9,2025-07-06,4,1745.2,1570.68,Yes
584,40,135,4,2025-02-13,5,1917.6,1725.84,Yes
45,8,188,6,2025-09-12,5,1467.7,1320.93,Yes
378,8,89,10,2024-10-21,3,917.19,825.47,Yes
389,43,1,5,2024-09-19,5,1547.8,1393.02,Yes
862,17,126,1,2024-09-21,4,809.64,728.68,Yes
923,45,36,4,2025-06-27,1,409.81,368.83,No
132,24,67,3,2025-04-30,3,1212.27,1091.04,Yes
369,21,58,6,2024-12-04,3,637.92,574.13,Yes
630,18,129,6,2025-07-27,2,870.56,783.5,No
139,32,127,3,2025-07-21,1,306.2,275.58,No
274,27,148,8,2025-07-18,3,381.0,342.9,Yes
64,20,11,9,2025-03-02,2,502.62,452.36,No
409,11,97,8,2025-04-24,4,1775.92,1598.33,Yes
745,18,55,1,2025-08-27,4,882.24,794.02,Yes
837,23,57,2,2024-11-01,2,738.06,664.25,No
907,28,32,6,2025-05-17,4,679.44,611.5,Yes
104,46,190,3,2025-08-09,4,1183.96,1065.56,Yes
310,15,60,6,2025-07-30,2,463.46,417.11,No
362,22,193,5,2025-08-17,2,904.52,814.07,No
380,37,192,9,2025-05-18,5,2313.7,2082.33,Yes
417,14,76,9,2025-05-03,2,437.9,394.11,No
982,5,85,7,2025-07-22,5,887.15,798.44,Yes
687,21,86,3,2024-12-26,4,1208.64,1087.78,Yes
925,20,85,1,2024-09-28,3,1267.32,1140.59,Yes
154,15,25,5,2024-11-19,2,383.08,344.77,No
297,37,57,7,2024-10-01,1,345.2,310.68,No
752,9,158,10,2024-11-11,3,1225.32,1102.79,Yes
807,49,194,6,2025-01-16,2,729.98,656.98,No
26,31,30,10,2025-06-03,4,993.4,894.06,Yes
282,34,189,9,2025-05-11,1,363.87,327.48,No
654,22,126,2,2024-10-14,4,1706.36,1535.72,Yes
986,14,25,5,2025-01-17,1,348.84,313.96,No
998,1,148,8,2025-03-17,5,1051.55,946.4,Yes
108,43,3,5,2024-10-26,5,423.7,381.33,Yes
504,13,22,3,2025-02-11,3,491.31,442.18,Yes
55,10,81,5,2025-06-25,1,412.03,370.83,No
150,45,79,8,2024-11-23,3,1468.65,1321.79,Yes
191,41,139,5,2024-10-07,5,2120.3,1908.27,Yes
285,22,50,4,2025-08-10,5,1096.4,986.76,Yes
577,7,72,2,2024-12-22,4,1741.08,1566.97,Yes
980,47,90,7,2025-09-02,4,1349.0,1214.1,Yes
51,35,85,10,2025-03-06,4,1036.24,932.62,Yes
298,40,64,7,2025-04-20,5,1601.45,1441.31,Yes
638,17,56,2,2025-07-01,2,629.88,566.89,No
664,18,14,10,2025-08-05,4,1631.88,1468.69,Yes
42,10,99,8,2025-06-21,5,2302.85,2072.57,Yes
515,14,182,7,2025-02-23,1,416.67,375.0,No
536,7,112,2,2025-08-28,5,1975.4,1777.86,Yes
678,17,156,6,2025-02-28,3,1357.02,1221.32,Yes
849,7,13,1,2024-12-10,4,1022.24,920.02,Yes
162,22,128,1,2025-02-21,3,309.21,278.29,Yes
739,41,48,5,2025-05-16,2,980.68,882.61,No
773,9,190,1,2025-04-10,5,393.65,354.28,Yes
885,19,154,8,2025-08-05,2,437.88,394.09,No
25,37,54,5,2024-10-04,5,2446.1,2201.49,Yes
125,32,86,4,2024-10-16,4,1685.84,1517.26,Yes
698,21,90,6,2025-06-21,2,618.32,556.49,No
172,42,49,7,2025-05-28,5,769.15,692.24,Yes
619,20,120,9,2025-07-06,1,469.73,422.76,No
743,33,138,10,2024-12-15,3,791.67,712.5,Yes
934,31,128,7,2025-08-04,1,367.94,331.15,No
952,10,138,3,2024-12-06,3,950.07,855.06,Yes
516,31,60,1,2025-04-27,4,443.08,398.77,Yes
517,17,176,8,2025-06-29,5,919.5,827.55,Yes
233,30,148,2,2024-11-23,5,1464.55,1318.1,Yes
355,14,81,4,2025-02-15,5,459.7,413.73,Yes
908,46,69,6,2025-07-23,1,409.89,368.9,No
98,23,58,6,2025-09-10,3,1248.93,1124.04,Yes
188,20,130,5,2024-09-21,5,1056.5,950.85,Yes
381,29,157,8,2024-12-12,3,555.96,500.36,Yes
84,12,147,7,2025-02-06,5,739.65,665.69,Yes
815,26,140,1,2025-08-08,3,657.69,591.92,Yes
79,19,130,3,2024-11-08,1,307.8,277.02,No
145,50,86,6,2025-05-10,5,776.5,698.85,Yes
151,35,26,6,2024-10-16,2,415.82,374.24,No
223,26,86,1,2024-11-01,5,338.05,304.25,Yes
230,18,127,10,2025-05-03,2,794.96,715.46,No
366,2,200,7,2025-02-08,4,1588.2,1429.38,Yes
650,1,195,8,2024-10-25,1,364.9,328.41,No
541,44,168,6,2024-10-25,3,1499.16,1349.24,Yes
53,42,175,8,2025-06-15,3,615.63,554.07,Yes
226,7,196,8,2024-09-29,2,593.34,534.01,No
765,43,98,4,2024-10-22,3,494.16,444.74,Yes
407,24,111,10,2025-03-18,1,463.16,416.84,No
709,46,21,1,2025-06-24,4,1337.2,1203.48,Yes
719,12,104,10,2025-06-18,1,462.74,416.47,No
730,29,198,1,2025-01-11,3,362.46,326.21,Yes
977,11,152,5,2024-10-22,4,1917.08,1725.37,Yes
13,24,165,6,2025-05-16,5,828.9,746.01,Yes
56,50,183,4,2025-02-06,5,725.6,653.04,Yes
239,42,93,8,2025-07-14,3,1040.67,936.6,Yes
337,40,19,3,2025-01-14,3,1337.73,1203.96,Yes
450,33,1,7,2025-02-05,2,339.58,305.62,No
704,27,107,1,2025-07-23,4,765.96,689.36,Yes
918,22,20,6,2025-05-10,5,2191.05,1971.95,Yes
253,35,180,2,2025-01-19,1,471.68,424.51,No
746,11,81,10,2025-07-23,3,837.81,754.03,Yes
840,44,46,7,2025-07-20,3,352.83,317.55,Yes
856,4,94,7,2025-07-28,3,364.14,327.73,Yes
70,37,125,6,2024-10-18,3,655.47,589.92,Yes
416,22,110,5,2025-08-30,5,783.1,704.79,Yes
448,45,80,3,2025-07-08,4,1923.8,1731.42,Yes
459,42,3,3,2025-06-22,1,482.6,434.34,No
483,29,135,3,2025-07-18,5,1708.55,1537.7,Yes
769,39,28,2,2025-04-08,2,594.0,534.6,No
817,14,13,10,2025-04-07,2,754.62,679.16,No
892,20,16,7,2025-07-14,5,1991.25,1792.13,Yes
953,13,106,5,2024-10-26,3,980.55,882.5,Yes
97,6,74,2,2025-07-06,1,331.15,298.03,No
123,11,196,10,2024-12-11,2,677.32,609.59,No
199,46,4,7,2025-03-23,4,1830.36,1647.32,Yes
595,24,191,5,2025-07-07,5,1080.6,972.54,Yes
643,29,21,6,2024-10-01,2,507.74,456.97,No
735,2,36,5,2024-11-13,3,847.68,762.91,Yes
46,2,75,7,2025-08-27,2,343.9,309.51,No
475,7,122,7,2024-11-09,5,2038.25,1834.43,Yes
508,27,105,9,2025-05-03,5,1329.4,1196.46,Yes
189,17,46,10,2024-12-02,2,349.72,314.75,No
323,22,43,4,2025-03-02,4,1299.6,1169.64,Yes
373,37,46,6,2025-06-21,5,1356.5,1220.85,Yes
689,50,91,8,2025-07-04,1,367.97,331.17,No
701,30,10,7,2025-02-11,3,725.31,652.78,Yes
116,36,91,3,2025-08-29,5,2314.3,2082.87,Yes
578,4,197,10,2024-09-22,5,1897.6,1707.84,Yes
598,6,40,10,2024-10-29,5,1087.65,978.89,Yes
865,32,65,9,2024-12-14,5,1505.95,1355.36,Yes
54,40,86,10,2025-08-12,5,1847.45,1662.71,Yes
625,22,84,7,2025-07-14,3,739.08,665.17,Yes
813,8,112,5,2025-08-05,1,357.57,321.81,No
983,37,96,1,2025-01-26,1,446.13,401.52,No
23,25,175,10,2024-12-14,4,355.92,320.33,Yes
527,2,7,5,2025-05-28,5,960.3,864.27,Yes
879,9,182,7,2025-03-18,1,494.35,444.92,No
28,1,164,2,2025-01-12,3,634.92,571.43,Yes
254,17,102,7,2025-03-14,4,640.4,576.36,Yes
293,26,81,7,2025-04-02,4,843.28,758.95,Yes
303,19,187,5,2025-06-20,4,909.64,818.68,Yes
385,15,113,6,2025-02-27,4,1667.0,1500.3,Yes
605,47,191,5,2025-04-15,4,746.6,671.94,Yes
612,41,153,9,2025-06-22,3,1319.94,1187.95,Yes
16,32,191,10,2025-02-18,4,310.24,279.22,Yes
196,16,78,2,2025-07-04,4,734.0,660.6,Yes
321,5,142,8,2025-04-12,2,894.06,804.65,No
494,39,29,4,2025-05-18,5,534.1,480.69,Yes
723,15,86,9,2025-03-17,2,384.34,345.91,No
896,10,76,5,2025-07-31,5,1385.55,1247.0,Yes
122,1,135,7,2025-09-06,2,608.2,547.38,No
427,18,101,5,2024-09-29,5,985.95,887.36,Yes
632,21,92,9,2025-07-04,1,490.76,441.68,No
179,40,4,6,2025-01-06,3,1416.03,1274.43,Yes
187,23,120,3,2024-12-27,4,1671.96,1504.76,Yes
466,2,91,1,2024-12-07,1,335.29,301.76,No
634,47,169,6,2025-03-23,5,1650.75,1485.68,Yes
657,4,193,2,2024-12-26,3,316.17,284.55,Yes
31,50,197,8,2025-04-17,4,1549.92,1394.93,Yes
171,18,161,5,2025-02-20,5,1849.7,1664.73,Yes
367,37,172,3,2025-03-11,3,912.72,821.45,Yes
799,43,85,5,2025-08-27,5,2029.2,1826.28,Yes
929,18,128,4,2024-10-07,5,731.65,658.49,Yes
500,47,141,8,2025-02-12,4,1948.4,1753.56,Yes
834,20,77,1,2025-06-02,3,902.37,812.13,Yes
861,47,58,8,2024-12-11,3,1412.91,1271.62,Yes
921,7,85,8,2024-12-24,1,453.84,408.46,No
109,10,169,10,2025-09-16,2,357.4,321.66,No
444,8,165,2,2024-10-03,3,1058.1,952.29,Yes
609,28,190,4,2025-06-30,3,768.24,691.42,Yes
690,32,44,6,2024-11-03,4,938.56,844.7,Yes
897,14,177,7,2025-07-09,2,713.24,641.92,No
65,8,145,9,2025-07-02,2,363.52,327.17,No
462,1,84,8,2025-06-10,3,826.44,743.8,Yes
801,9,152,9,2025-07-22,4,557.84,502.06,Yes
387,11,46,9,2025-03-30,2,548.92,494.03,No
514,16,187,4,2025-05-07,2,511.56,460.4,No
794,34,174,2,2024-11-24,1,403.53,363.18,No
857,22,138,2,2025-01-19,1,314.78,283.3,No
317,30,174,8,2025-01-28,2,348.98,314.08,No
431,9,26,9,2024-09-16,3,403.53,363.18,Yes
447,43,3,10,2025-07-20,2,986.54,887.89,No
967,19,156,2,2024-10-09,4,780.0,702.0,Yes
348,39,200,10,2025-01-16,1,443.11,398.8,No
408,43,85,1,2025-02-15,3,1271.1,1143.99,Yes
530,50,10,5,2025-05-24,1,406.13,365.52,No
604,28,79,5,2025-08-02,3,582.15,523.94,Yes
618,16,189,6,2025-07-14,3,924.42,831.98,Yes
737,6,156,1,2025-07-24,2,569.9,512.91,No
137,7,20,6,2025-05-14,4,1487.64,1338.88,Yes
153,20,47,10,2025-03-05,2,795.3,715.77,No
214,46,16,1,2025-02-23,5,2199.1,1979.19,Yes
236,32,21,5,2025-04-20,3,960.75,864.68,Yes
248,39,151,2,2025-09-02,1,370.76,333.68,No
324,19,27,4,2025-02-03,3,1188.72,1069.85,Yes
492,32,13,8,2025-01-31,4,1962.52,1766.27,Yes
318,45,195,3,2025-04-08,5,2225.75,2003.18,Yes
685,19,133,1,2025-02-07,3,1496.91,1347.22,Yes
44,40,21,7,2025-02-08,4,1962.48,1766.23,Yes
951,24,186,1,2025-04-17,3,533.34,480.01,Yes
165,2,81,7,2024-10-11,3,915.3,823.77,Yes
353,20,18,5,2025-02-26,3,761.04,684.94,Yes
732,15,193,4,2025-01-15,4,1002.44,902.2,Yes
960,10,21,10,2025-03-27,2,521.66,469.49,No
350,29,79,7,2025-03-17,3,622.59,560.33,Yes
526,31,150,8,2025-04-09,4,1098.12,988.31,Yes
744,11,83,4,2025-01-29,3,1483.11,1334.8,Yes
790,2,152,8,2025-02-18,1,346.36,311.72,No
984,44,197,1,2025-01-29,4,620.52,558.47,Yes
156,21,103,6,2024-12-30,1,382.87,344.58,No
184,46,114,2,2024-11-22,4,1621.8,1459.62,Yes
295,14,137,3,2025-05-29,2,660.42,594.38,No
61,46,41,1,2024-12-31,2,654.82,589.34,No
460,16,13,10,2025-07-16,3,799.41,719.47,Yes
855,5,19,4,2025-02-26,5,737.5,663.75,Yes
6,28,168,5,2025-03-15,4,480.0,432.0,Yes
142,41,59,4,2025-01-29,3,960.0,864.0,Yes
420,29,131,7,2025-05-27,5,485.1,436.59,Yes
495,39,71,6,2024-11-12,3,1238.52,1114.67,Yes
294,38,69,10,2025-07-23,3,341.46,307.31,Yes
328,10,83,4,2025-07-15,4,337.96,304.16,Yes
534,5,167,9,2025-01-13,2,729.54,656.59,No
591,50,72,9,2025-03-23,1,303.19,272.87,No
777,1,47,7,2025-04-27,4,828.32,745.49,Yes
262,32,24,1,2025-04-10,3,331.14,298.03,Yes
340,39,87,8,2024-12-16,4,1841.72,1657.55,Yes
370,46,158,7,2025-07-09,5,1523.85,1371.47,Yes
580,26,119,1,2025-01-25,3,1085.52,976.97,Yes
398,11,37,7,2025-07-12,5,1613.0,1451.7,Yes
853,10,115,6,2024-10-02,3,1028.04,925.24,Yes
522,30,185,4,2024-09-20,2,598.26,538.43,No
571,43,152,2,2025-06-30,1,370.3,333.27,No
727,42,175,7,2025-07-02,5,2218.9,1997.01,Yes
758,40,143,10,2025-01-24,2,864.2,777.78,No
919,37,7,10,2025-04-21,1,401.1,360.99,No
640,33,21,4,2025-02-20,3,403.02,362.72,Yes
995,26,41,1,2025-03-20,2,562.22,506.0,No
181,16,117,8,2025-06-14,2,638.04,574.24,No
305,7,199,9,2024-12-14,5,2221.0,1998.9,Yes
325,11,156,10,2025-04-09,5,1007.6,906.84,Yes
351,46,59,8,2024-09-17,4,715.88,644.29,Yes
809,44,175,5,2025-03-10,3,676.53,608.88,Yes
943,2,59,5,2025-04-29,2,834.62,751.16,No
27,13,136,6,2024-11-15,4,1708.68,1537.81,Yes
390,29,36,2,2024-11-09,5,452.05,406.85,Yes
556,18,175,9,2025-02-03,1,479.24,431.32,No
771,32,66,9,2024-10-05,5,1077.25,969.53,Yes
774,5,99,5,2025-01-12,3,1098.84,988.96,Yes
999,32,28,10,2025-02-05,4,804.28,723.85,Yes
141,33,188,4,2025-08-25,4,803.0,722.7,Yes
290,48,159,6,2024-11-15,5,2221.7,1999.53,Yes
20,50,22,1,2024-10-06,3,389.37,350.43,Yes
346,23,194,8,2025-02-27,4,725.88,653.29,Yes
572,7,28,3,2025-05-14,3,1489.65,1340.69,Yes
653,8,63,5,2025-01-28,5,921.55,829.4,Yes
832,40,15,7,2025-09-05,3,322.65,290.39,Yes
966,33,82,8,2025-04-19,5,369.9,332.91,Yes
238,47,156,5,2025-03-21,3,1297.26,1167.53,Yes
637,4,33,3,2024-11-23,3,1192.14,1072.93,Yes
260,25,19,7,2025-01-14,3,1309.32,1178.39,Yes
313,8,88,5,2025-08-18,2,480.82,432.74,No
438,6,66,4,2024-09-21,3,464.88,418.39,Yes
443,14,61,8,2024-10-03,3,641.61,577.45,Yes
579,27,186,5,2025-04-08,4,1019.24,917.32,Yes
910,37,134,4,2025-05-21,2,620.04,558.04,No
231,12,194,1,2025-08-30,1,328.06,295.25,No
433,9,64,10,2025-03-16,3,1041.18,937.06,Yes
496,31,91,8,2025-04-16,4,449.56,404.6,Yes
521,47,8,7,2024-11-15,4,1639.8,1475.82,Yes
176,26,118,10,2025-08-14,3,377.07,339.36,Yes
523,46,46,1,2025-06-13,4,1041.64,937.48,Yes
749,25,41,8,2024-10-19,5,2312.85,2081.57,Yes
833,37,77,5,2024-09-22,5,2407.25,2166.53,Yes
956,7,58,5,2024-12-14,1,352.89,317.6,No
216,11,185,9,2025-07-26,3,1175.88,1058.29,Yes
271,6,1,4,2025-02-21,4,1540.32,1386.29,Yes
32,5,184,10,2025-03-27,5,1769.0,1592.1,Yes
174,24,185,6,2025-03-21,4,1625.12,1462.61,Yes
859,22,135,9,2025-09-15,4,1890.92,1701.83,Yes
894,41,72,6,2025-02-24,5,1718.85,1546.97,Yes
39,34,31,7,2024-10-26,5,1227.0,1104.3,Yes
220,37,77,8,2025-07-14,5,859.95,773.96,Yes
881,35,107,8,2024-09-30,5,404.1,363.69,Yes
935,26,106,5,2024-12-02,1,483.98,435.58,No
   
# Triggered on 2025-09-26 for CI test
